iteration,expanded_state,parent,action,generated_successors,frontier_before,frontier_after,explored,g,h,f
0,"(34, 16)",None,None,"[(34, 15), (33, 16)]","[(34, 16)]","[(33, 16), (34, 15)]",1,0,0,0
1,"(34, 15)","(34, 16)",South,"[(34, 16), (34, 14)]","[(33, 16), (34, 15)]","[(34, 14), (33, 16)]",2,1,0,1
2,"(33, 16)","(34, 16)",West,"[(34, 16), (32, 16)]","[(34, 14), (33, 16)]","[(32, 16), (34, 14)]",3,1,0,1
3,"(34, 14)","(34, 15)",South,"[(34, 15), (33, 14)]","[(32, 16), (34, 14)]","[(33, 14), (32, 16)]",4,2,0,2
4,"(32, 16)","(33, 16)",West,"[(33, 16), (31, 16)]","[(33, 14), (32, 16)]","[(31, 16), (33, 14)]",5,2,0,2
5,"(33, 14)","(34, 14)",West,"[(34, 14), (32, 14)]","[(31, 16), (33, 14)]","[(32, 14), (31, 16)]",6,3,0,3
6,"(31, 16)","(32, 16)",West,"[(32, 16), (30, 16)]","[(32, 14), (31, 16)]","[(30, 16), (32, 14)]",7,3,0,3
7,"(32, 14)","(33, 14)",West,"[(33, 14), (31, 14)]","[(30, 16), (32, 14)]","[(31, 14), (30, 16)]",8,4,0,4
8,"(30, 16)","(31, 16)",West,"[(31, 16), (29, 16)]","[(31, 14), (30, 16)]","[(29, 16), (31, 14)]",9,4,0,4
9,"(31, 14)","(32, 14)",West,"[(32, 14), (30, 14)]","[(29, 16), (31, 14)]","[(30, 14), (29, 16)]",10,5,0,5
10,"(29, 16)","(30, 16)",West,"[(30, 16), (28, 16)]","[(30, 14), (29, 16)]","[(28, 16), (30, 14)]",11,5,0,5
11,"(30, 14)","(31, 14)",West,"[(30, 13), (31, 14)]","[(28, 16), (30, 14)]","[(30, 13), (28, 16)]",12,6,0,6
12,"(28, 16)","(29, 16)",West,"[(29, 16), (27, 16)]","[(30, 13), (28, 16)]","[(27, 16), (30, 13)]",13,6,0,6
13,"(30, 13)","(30, 14)",South,"[(30, 14), (30, 12)]","[(27, 16), (30, 13)]","[(30, 12), (27, 16)]",14,7,0,7
14,"(27, 16)","(28, 16)",West,"[(28, 16), (26, 16)]","[(30, 12), (27, 16)]","[(26, 16), (30, 12)]",15,7,0,7
15,"(30, 12)","(30, 13)",South,"[(30, 13), (31, 12)]","[(26, 16), (30, 12)]","[(31, 12), (26, 16)]",16,8,0,8
16,"(26, 16)","(27, 16)",West,"[(27, 16), (25, 16)]","[(31, 12), (26, 16)]","[(25, 16), (31, 12)]",17,8,0,8
17,"(31, 12)","(30, 12)",East,"[(32, 12), (30, 12)]","[(25, 16), (31, 12)]","[(32, 12), (25, 16)]",18,9,0,9
18,"(25, 16)","(26, 16)",West,"[(25, 15), (26, 16), (24, 16)]","[(32, 12), (25, 16)]","[(24, 16), (25, 15), (32, 12)]",19,9,0,9
19,"(32, 12)","(31, 12)",East,"[(33, 12), (31, 12)]","[(24, 16), (25, 15), (32, 12)]","[(33, 12), (24, 16), (25, 15)]",20,10,0,10
20,"(25, 15)","(25, 16)",South,"[(25, 16), (25, 14)]","[(33, 12), (24, 16), (25, 15)]","[(25, 14), (33, 12), (24, 16)]",21,10,0,10
21,"(24, 16)","(25, 16)",West,"[(25, 16), (23, 16)]","[(25, 14), (33, 12), (24, 16)]","[(23, 16), (25, 14), (33, 12)]",22,10,0,10
22,"(33, 12)","(32, 12)",East,"[(34, 12), (32, 12)]","[(23, 16), (25, 14), (33, 12)]","[(34, 12), (23, 16), (25, 14)]",23,11,0,11
23,"(25, 14)","(25, 15)",South,"[(25, 15), (26, 14)]","[(34, 12), (23, 16), (25, 14)]","[(26, 14), (34, 12), (23, 16)]",24,11,0,11
24,"(23, 16)","(24, 16)",West,"[(24, 16), (22, 16)]","[(26, 14), (34, 12), (23, 16)]","[(22, 16), (26, 14), (34, 12)]",25,11,0,11
25,"(34, 12)","(33, 12)",East,"[(34, 11), (33, 12)]","[(22, 16), (26, 14), (34, 12)]","[(34, 11), (22, 16), (26, 14)]",26,12,0,12
26,"(26, 14)","(25, 14)",East,"[(27, 14), (25, 14)]","[(34, 11), (22, 16), (26, 14)]","[(27, 14), (34, 11), (22, 16)]",27,12,0,12
27,"(22, 16)","(23, 16)",West,"[(23, 16), (21, 16)]","[(27, 14), (34, 11), (22, 16)]","[(21, 16), (27, 14), (34, 11)]",28,12,0,12
28,"(34, 11)","(34, 12)",South,"[(34, 12), (34, 10)]","[(21, 16), (27, 14), (34, 11)]","[(34, 10), (21, 16), (27, 14)]",29,13,0,13
29,"(27, 14)","(26, 14)",East,"[(27, 13), (26, 14)]","[(34, 10), (21, 16), (27, 14)]","[(27, 13), (34, 10), (21, 16)]",30,13,0,13
30,"(21, 16)","(22, 16)",West,"[(22, 16), (20, 16)]","[(27, 13), (34, 10), (21, 16)]","[(20, 16), (27, 13), (34, 10)]",31,13,0,13
31,"(34, 10)","(34, 11)",South,"[(34, 11), (33, 10)]","[(20, 16), (27, 13), (34, 10)]","[(33, 10), (20, 16), (27, 13)]",32,14,0,14
32,"(27, 13)","(27, 14)",South,"[(27, 14), (27, 12)]","[(33, 10), (20, 16), (27, 13)]","[(27, 12), (33, 10), (20, 16)]",33,14,0,14
33,"(20, 16)","(21, 16)",West,"[(21, 16), (19, 16)]","[(27, 12), (33, 10), (20, 16)]","[(19, 16), (27, 12), (33, 10)]",34,14,0,14
34,"(33, 10)","(34, 10)",West,"[(34, 10), (32, 10)]","[(19, 16), (27, 12), (33, 10)]","[(32, 10), (19, 16), (27, 12)]",35,15,0,15
35,"(27, 12)","(27, 13)",South,"[(27, 13), (27, 11)]","[(32, 10), (19, 16), (27, 12)]","[(27, 11), (32, 10), (19, 16)]",36,15,0,15
36,"(19, 16)","(20, 16)",West,"[(20, 16), (18, 16)]","[(27, 11), (32, 10), (19, 16)]","[(18, 16), (27, 11), (32, 10)]",37,15,0,15
37,"(32, 10)","(33, 10)",West,"[(33, 10), (31, 10)]","[(18, 16), (27, 11), (32, 10)]","[(31, 10), (18, 16), (27, 11)]",38,16,0,16
38,"(27, 11)","(27, 12)",South,"[(27, 12), (26, 11)]","[(31, 10), (18, 16), (27, 11)]","[(26, 11), (31, 10), (18, 16)]",39,16,0,16
39,"(18, 16)","(19, 16)",West,"[(19, 16), (17, 16)]","[(26, 11), (31, 10), (18, 16)]","[(17, 16), (26, 11), (31, 10)]",40,16,0,16
40,"(31, 10)","(32, 10)",West,"[(32, 10), (30, 10)]","[(17, 16), (26, 11), (31, 10)]","[(30, 10), (17, 16), (26, 11)]",41,17,0,17
41,"(26, 11)","(27, 11)",West,"[(27, 11), (25, 11)]","[(30, 10), (17, 16), (26, 11)]","[(25, 11), (30, 10), (17, 16)]",42,17,0,17
42,"(17, 16)","(18, 16)",West,"[(18, 16), (16, 16)]","[(25, 11), (30, 10), (17, 16)]","[(16, 16), (25, 11), (30, 10)]",43,17,0,17
43,"(30, 10)","(31, 10)",West,"[(30, 9), (31, 10), (29, 10)]","[(16, 16), (25, 11), (30, 10)]","[(29, 10), (30, 9), (16, 16), (25, 11)]",44,18,0,18
44,"(25, 11)","(26, 11)",West,"[(26, 11), (24, 11)]","[(29, 10), (30, 9), (16, 16), (25, 11)]","[(24, 11), (29, 10), (30, 9), (16, 16)]",45,18,0,18
45,"(16, 16)","(17, 16)",West,"[(17, 16), (15, 16)]","[(24, 11), (29, 10), (30, 9), (16, 16)]","[(15, 16), (24, 11), (29, 10), (30, 9)]",46,18,0,18
46,"(30, 9)","(30, 10)",South,"[(30, 10), (30, 8)]","[(15, 16), (24, 11), (29, 10), (30, 9)]","[(30, 8), (15, 16), (24, 11), (29, 10)]",47,19,0,19
47,"(29, 10)","(30, 10)",West,"[(30, 10)]","[(30, 8), (15, 16), (24, 11), (29, 10)]","[(30, 8), (15, 16), (24, 11)]",48,19,0,19
48,"(24, 11)","(25, 11)",West,"[(24, 12), (25, 11)]","[(30, 8), (15, 16), (24, 11)]","[(24, 12), (30, 8), (15, 16)]",49,19,0,19
49,"(15, 16)","(16, 16)",West,"[(16, 16), (14, 16)]","[(24, 12), (30, 8), (15, 16)]","[(14, 16), (24, 12), (30, 8)]",50,19,0,19
50,"(30, 8)","(30, 9)",South,"[(30, 9), (31, 8)]","[(14, 16), (24, 12), (30, 8)]","[(31, 8), (14, 16), (24, 12)]",51,20,0,20
51,"(24, 12)","(24, 11)",North,"[(24, 11), (23, 12)]","[(31, 8), (14, 16), (24, 12)]","[(23, 12), (31, 8), (14, 16)]",52,20,0,20
52,"(14, 16)","(15, 16)",West,"[(15, 16), (13, 16)]","[(23, 12), (31, 8), (14, 16)]","[(13, 16), (23, 12), (31, 8)]",53,20,0,20
53,"(31, 8)","(30, 8)",East,"[(32, 8), (30, 8)]","[(13, 16), (23, 12), (31, 8)]","[(32, 8), (13, 16), (23, 12)]",54,21,0,21
54,"(23, 12)","(24, 12)",West,"[(24, 12), (22, 12)]","[(32, 8), (13, 16), (23, 12)]","[(22, 12), (32, 8), (13, 16)]",55,21,0,21
55,"(13, 16)","(14, 16)",West,"[(14, 16), (12, 16)]","[(22, 12), (32, 8), (13, 16)]","[(12, 16), (22, 12), (32, 8)]",56,21,0,21
56,"(32, 8)","(31, 8)",East,"[(33, 8), (31, 8)]","[(12, 16), (22, 12), (32, 8)]","[(33, 8), (12, 16), (22, 12)]",57,22,0,22
57,"(22, 12)","(23, 12)",West,"[(23, 12), (21, 12)]","[(33, 8), (12, 16), (22, 12)]","[(21, 12), (33, 8), (12, 16)]",58,22,0,22
58,"(12, 16)","(13, 16)",West,"[(13, 16), (11, 16)]","[(21, 12), (33, 8), (12, 16)]","[(11, 16), (21, 12), (33, 8)]",59,22,0,22
59,"(33, 8)","(32, 8)",East,"[(34, 8), (32, 8)]","[(11, 16), (21, 12), (33, 8)]","[(34, 8), (11, 16), (21, 12)]",60,23,0,23
60,"(21, 12)","(22, 12)",West,"[(22, 12), (20, 12)]","[(34, 8), (11, 16), (21, 12)]","[(20, 12), (34, 8), (11, 16)]",61,23,0,23
61,"(11, 16)","(12, 16)",West,"[(12, 16), (10, 16)]","[(20, 12), (34, 8), (11, 16)]","[(10, 16), (20, 12), (34, 8)]",62,23,0,23
62,"(34, 8)","(33, 8)",East,"[(34, 7), (33, 8)]","[(10, 16), (20, 12), (34, 8)]","[(34, 7), (10, 16), (20, 12)]",63,24,0,24
63,"(20, 12)","(21, 12)",West,"[(20, 11), (21, 12), (19, 12)]","[(34, 7), (10, 16), (20, 12)]","[(19, 12), (20, 11), (34, 7), (10, 16)]",64,24,0,24
64,"(10, 16)","(11, 16)",West,"[(11, 16), (9, 16)]","[(19, 12), (20, 11), (34, 7), (10, 16)]","[(9, 16), (19, 12), (20, 11), (34, 7)]",65,24,0,24
65,"(34, 7)","(34, 8)",South,"[(34, 8), (34, 6)]","[(9, 16), (19, 12), (20, 11), (34, 7)]","[(34, 6), (9, 16), (19, 12), (20, 11)]",66,25,0,25
66,"(20, 11)","(20, 12)",South,"[(20, 12), (20, 10), (19, 11)]","[(34, 6), (9, 16), (19, 12), (20, 11)]","[(19, 11), (20, 10), (34, 6), (9, 16), (19, 12)]",67,25,0,25
67,"(19, 12)","(20, 12)",West,"[(19, 11), (20, 12), (18, 12)]","[(19, 11), (20, 10), (34, 6), (9, 16), (19, 12)]","[(18, 12), (19, 11), (19, 11), (20, 10), (34, 6), (9, 16)]",68,25,0,25
68,"(9, 16)","(10, 16)",West,"[(10, 16), (8, 16)]","[(18, 12), (19, 11), (19, 11), (20, 10), (34, 6), (9, 16)]","[(8, 16), (18, 12), (19, 11), (19, 11), (20, 10), (34, 6)]",69,25,0,25
69,"(34, 6)","(34, 7)",South,"[(34, 7), (33, 6)]","[(8, 16), (18, 12), (19, 11), (19, 11), (20, 10), (34, 6)]","[(33, 6), (8, 16), (18, 12), (19, 11), (19, 11), (20, 10)]",70,26,0,26
70,"(20, 10)","(20, 11)",South,"[(20, 11), (20, 9)]","[(33, 6), (8, 16), (18, 12), (19, 11), (19, 11), (20, 10)]","[(20, 9), (33, 6), (8, 16), (18, 12), (19, 11), (19, 11)]",71,26,0,26
71,"(19, 11)","(20, 11)",West,"[(19, 12), (20, 11)]","[(20, 9), (33, 6), (8, 16), (18, 12), (19, 11), (19, 11)]","[(20, 9), (33, 6), (8, 16), (18, 12), (19, 11)]",72,26,0,26
72,"(18, 12)","(19, 12)",West,"[(19, 12), (17, 12)]","[(20, 9), (33, 6), (8, 16), (18, 12)]","[(17, 12), (20, 9), (33, 6), (8, 16)]",73,26,0,26
73,"(8, 16)","(9, 16)",West,"[(9, 16), (7, 16)]","[(17, 12), (20, 9), (33, 6), (8, 16)]","[(7, 16), (17, 12), (20, 9), (33, 6)]",74,26,0,26
74,"(33, 6)","(34, 6)",West,"[(34, 6), (32, 6)]","[(7, 16), (17, 12), (20, 9), (33, 6)]","[(32, 6), (7, 16), (17, 12), (20, 9)]",75,27,0,27
75,"(20, 9)","(20, 10)",South,"[(20, 10), (21, 9)]","[(32, 6), (7, 16), (17, 12), (20, 9)]","[(21, 9), (32, 6), (7, 16), (17, 12)]",76,27,0,27
76,"(17, 12)","(18, 12)",West,"[(17, 13), (18, 12), (16, 12)]","[(21, 9), (32, 6), (7, 16), (17, 12)]","[(16, 12), (17, 13), (21, 9), (32, 6), (7, 16)]",77,27,0,27
77,"(7, 16)","(8, 16)",West,"[(8, 16), (6, 16)]","[(16, 12), (17, 13), (21, 9), (32, 6), (7, 16)]","[(6, 16), (16, 12), (17, 13), (21, 9), (32, 6)]",78,27,0,27
78,"(32, 6)","(33, 6)",West,"[(33, 6), (31, 6)]","[(6, 16), (16, 12), (17, 13), (21, 9), (32, 6)]","[(31, 6), (6, 16), (16, 12), (17, 13), (21, 9)]",79,28,0,28
79,"(21, 9)","(20, 9)",East,"[(22, 9), (20, 9)]","[(31, 6), (6, 16), (16, 12), (17, 13), (21, 9)]","[(22, 9), (31, 6), (6, 16), (16, 12), (17, 13)]",80,28,0,28
80,"(17, 13)","(17, 12)",North,"[(17, 14), (17, 12)]","[(22, 9), (31, 6), (6, 16), (16, 12), (17, 13)]","[(17, 14), (22, 9), (31, 6), (6, 16), (16, 12)]",81,28,0,28
81,"(16, 12)","(17, 12)",West,"[(17, 12), (15, 12)]","[(17, 14), (22, 9), (31, 6), (6, 16), (16, 12)]","[(15, 12), (17, 14), (22, 9), (31, 6), (6, 16)]",82,28,0,28
82,"(6, 16)","(7, 16)",West,"[(7, 16), (5, 16)]","[(15, 12), (17, 14), (22, 9), (31, 6), (6, 16)]","[(5, 16), (15, 12), (17, 14), (22, 9), (31, 6)]",83,28,0,28
83,"(31, 6)","(32, 6)",West,"[(32, 6), (30, 6)]","[(5, 16), (15, 12), (17, 14), (22, 9), (31, 6)]","[(30, 6), (5, 16), (15, 12), (17, 14), (22, 9)]",84,29,0,29
84,"(22, 9)","(21, 9)",East,"[(23, 9), (21, 9)]","[(30, 6), (5, 16), (15, 12), (17, 14), (22, 9)]","[(23, 9), (30, 6), (5, 16), (15, 12), (17, 14)]",85,29,0,29
85,"(17, 14)","(17, 13)",North,"[(17, 13), (16, 14)]","[(23, 9), (30, 6), (5, 16), (15, 12), (17, 14)]","[(16, 14), (23, 9), (30, 6), (5, 16), (15, 12)]",86,29,0,29
86,"(15, 12)","(16, 12)",West,"[(16, 12), (14, 12)]","[(16, 14), (23, 9), (30, 6), (5, 16), (15, 12)]","[(14, 12), (16, 14), (23, 9), (30, 6), (5, 16)]",87,29,0,29
87,"(5, 16)","(6, 16)",West,"[(6, 16), (4, 16)]","[(14, 12), (16, 14), (23, 9), (30, 6), (5, 16)]","[(4, 16), (14, 12), (16, 14), (23, 9), (30, 6)]",88,29,0,29
88,"(30, 6)","(31, 6)",West,"[(30, 5), (31, 6), (29, 6)]","[(4, 16), (14, 12), (16, 14), (23, 9), (30, 6)]","[(29, 6), (30, 5), (4, 16), (14, 12), (16, 14), (23, 9)]",89,30,0,30
89,"(23, 9)","(22, 9)",East,"[(24, 9), (22, 9)]","[(29, 6), (30, 5), (4, 16), (14, 12), (16, 14), (23, 9)]","[(24, 9), (29, 6), (30, 5), (4, 16), (14, 12), (16, 14)]",90,30,0,30
90,"(16, 14)","(17, 14)",West,"[(17, 14), (15, 14)]","[(24, 9), (29, 6), (30, 5), (4, 16), (14, 12), (16, 14)]","[(15, 14), (24, 9), (29, 6), (30, 5), (4, 16), (14, 12)]",91,30,0,30
91,"(14, 12)","(15, 12)",West,"[(14, 11), (15, 12), (13, 12)]","[(15, 14), (24, 9), (29, 6), (30, 5), (4, 16), (14, 12)]","[(13, 12), (14, 11), (15, 14), (24, 9), (29, 6), (30, 5), (4, 16)]",92,30,0,30
92,"(4, 16)","(5, 16)",West,"[(5, 16), (3, 16)]","[(13, 12), (14, 11), (15, 14), (24, 9), (29, 6), (30, 5), (4, 16)]","[(3, 16), (13, 12), (14, 11), (15, 14), (24, 9), (29, 6), (30, 5)]",93,30,0,30
93,"(30, 5)","(30, 6)",South,"[(30, 6), (30, 4)]","[(3, 16), (13, 12), (14, 11), (15, 14), (24, 9), (29, 6), (30, 5)]","[(30, 4), (3, 16), (13, 12), (14, 11), (15, 14), (24, 9), (29, 6)]",94,31,0,31
94,"(29, 6)","(30, 6)",West,"[(30, 6)]","[(30, 4), (3, 16), (13, 12), (14, 11), (15, 14), (24, 9), (29, 6)]","[(30, 4), (3, 16), (13, 12), (14, 11), (15, 14), (24, 9)]",95,31,0,31
95,"(24, 9)","(23, 9)",East,"[(25, 9), (23, 9)]","[(30, 4), (3, 16), (13, 12), (14, 11), (15, 14), (24, 9)]","[(25, 9), (30, 4), (3, 16), (13, 12), (14, 11), (15, 14)]",96,31,0,31
96,"(15, 14)","(16, 14)",West,"[(16, 14), (14, 14)]","[(25, 9), (30, 4), (3, 16), (13, 12), (14, 11), (15, 14)]","[(14, 14), (25, 9), (30, 4), (3, 16), (13, 12), (14, 11)]",97,31,0,31
97,"(14, 11)","(14, 12)",South,"[(14, 12), (14, 10)]","[(14, 14), (25, 9), (30, 4), (3, 16), (13, 12), (14, 11)]","[(14, 10), (14, 14), (25, 9), (30, 4), (3, 16), (13, 12)]",98,31,0,31
98,"(13, 12)","(14, 12)",West,"[(14, 12), (12, 12)]","[(14, 10), (14, 14), (25, 9), (30, 4), (3, 16), (13, 12)]","[(12, 12), (14, 10), (14, 14), (25, 9), (30, 4), (3, 16)]",99,31,0,31
99,"(3, 16)","(4, 16)",West,"[(4, 16), (2, 16)]","[(12, 12), (14, 10), (14, 14), (25, 9), (30, 4), (3, 16)]","[(2, 16), (12, 12), (14, 10), (14, 14), (25, 9), (30, 4)]",100,31,0,31
100,"(30, 4)","(30, 5)",South,"[(30, 5), (30, 3), (31, 4)]","[(2, 16), (12, 12), (14, 10), (14, 14), (25, 9), (30, 4)]","[(31, 4), (30, 3), (2, 16), (12, 12), (14, 10), (14, 14), (25, 9)]",101,32,0,32
101,"(25, 9)","(24, 9)",East,"[(26, 9), (24, 9)]","[(31, 4), (30, 3), (2, 16), (12, 12), (14, 10), (14, 14), (25, 9)]","[(26, 9), (31, 4), (30, 3), (2, 16), (12, 12), (14, 10), (14, 14)]",102,32,0,32
102,"(14, 14)","(15, 14)",West,"[(15, 14), (13, 14)]","[(26, 9), (31, 4), (30, 3), (2, 16), (12, 12), (14, 10), (14, 14)]","[(13, 14), (26, 9), (31, 4), (30, 3), (2, 16), (12, 12), (14, 10)]",103,32,0,32
103,"(14, 10)","(14, 11)",South,"[(14, 11), (15, 10)]","[(13, 14), (26, 9), (31, 4), (30, 3), (2, 16), (12, 12), (14, 10)]","[(15, 10), (13, 14), (26, 9), (31, 4), (30, 3), (2, 16), (12, 12)]",104,32,0,32
104,"(12, 12)","(13, 12)",West,"[(12, 13), (12, 11), (13, 12)]","[(15, 10), (13, 14), (26, 9), (31, 4), (30, 3), (2, 16), (12, 12)]","[(12, 11), (12, 13), (15, 10), (13, 14), (26, 9), (31, 4), (30, 3), (2, 16)]",105,32,0,32
105,"(2, 16)","(3, 16)",West,"[(3, 16), (1, 16)]","[(12, 11), (12, 13), (15, 10), (13, 14), (26, 9), (31, 4), (30, 3), (2, 16)]","[(1, 16), (12, 11), (12, 13), (15, 10), (13, 14), (26, 9), (31, 4), (30, 3)]",106,32,0,32
106,"(30, 3)","(30, 4)",South,"[(30, 4), (31, 3)]","[(1, 16), (12, 11), (12, 13), (15, 10), (13, 14), (26, 9), (31, 4), (30, 3)]","[(31, 3), (1, 16), (12, 11), (12, 13), (15, 10), (13, 14), (26, 9), (31, 4)]",107,33,0,33
107,"(31, 4)","(30, 4)",East,"[(31, 3), (32, 4), (30, 4)]","[(31, 3), (1, 16), (12, 11), (12, 13), (15, 10), (13, 14), (26, 9), (31, 4)]","[(32, 4), (31, 3), (31, 3), (1, 16), (12, 11), (12, 13), (15, 10), (13, 14), (26, 9)]",108,33,0,33
108,"(26, 9)","(25, 9)",East,"[(27, 9), (25, 9)]","[(32, 4), (31, 3), (31, 3), (1, 16), (12, 11), (12, 13), (15, 10), (13, 14), (26, 9)]","[(27, 9), (32, 4), (31, 3), (31, 3), (1, 16), (12, 11), (12, 13), (15, 10), (13, 14)]",109,33,0,33
109,"(13, 14)","(14, 14)",West,"[(14, 14), (12, 14)]","[(27, 9), (32, 4), (31, 3), (31, 3), (1, 16), (12, 11), (12, 13), (15, 10), (13, 14)]","[(12, 14), (27, 9), (32, 4), (31, 3), (31, 3), (1, 16), (12, 11), (12, 13), (15, 10)]",110,33,0,33
110,"(15, 10)","(14, 10)",East,"[(16, 10), (14, 10)]","[(12, 14), (27, 9), (32, 4), (31, 3), (31, 3), (1, 16), (12, 11), (12, 13), (15, 10)]","[(16, 10), (12, 14), (27, 9), (32, 4), (31, 3), (31, 3), (1, 16), (12, 11), (12, 13)]",111,33,0,33
111,"(12, 13)","(12, 12)",North,"[(12, 14), (12, 12)]","[(16, 10), (12, 14), (27, 9), (32, 4), (31, 3), (31, 3), (1, 16), (12, 11), (12, 13)]","[(12, 14), (16, 10), (12, 14), (27, 9), (32, 4), (31, 3), (31, 3), (1, 16), (12, 11)]",112,33,0,33
112,"(12, 11)","(12, 12)",South,"[(12, 12), (12, 10)]","[(12, 14), (16, 10), (12, 14), (27, 9), (32, 4), (31, 3), (31, 3), (1, 16), (12, 11)]","[(12, 10), (12, 14), (16, 10), (12, 14), (27, 9), (32, 4), (31, 3), (31, 3), (1, 16)]",113,33,0,33
113,"(1, 16)","(2, 16)",West,"[(1, 15), (2, 16)]","[(12, 10), (12, 14), (16, 10), (12, 14), (27, 9), (32, 4), (31, 3), (31, 3), (1, 16)]","[(1, 15), (12, 10), (12, 14), (16, 10), (12, 14), (27, 9), (32, 4), (31, 3), (31, 3)]",114,33,0,33
114,"(31, 3)","(30, 3)",East,"[(31, 4), (30, 3)]","[(1, 15), (12, 10), (12, 14), (16, 10), (12, 14), (27, 9), (32, 4), (31, 3), (31, 3)]","[(1, 15), (12, 10), (12, 14), (16, 10), (12, 14), (27, 9), (32, 4), (31, 3)]",115,34,0,34
115,"(32, 4)","(31, 4)",East,"[(33, 4), (31, 4)]","[(1, 15), (12, 10), (12, 14), (16, 10), (12, 14), (27, 9), (32, 4)]","[(33, 4), (1, 15), (12, 10), (12, 14), (16, 10), (12, 14), (27, 9)]",116,34,0,34
116,"(27, 9)","(26, 9)",East,"[(27, 8), (26, 9)]","[(33, 4), (1, 15), (12, 10), (12, 14), (16, 10), (12, 14), (27, 9)]","[(27, 8), (33, 4), (1, 15), (12, 10), (12, 14), (16, 10), (12, 14)]",117,34,0,34
117,"(12, 14)","(13, 14)",West,"[(12, 13), (13, 14)]","[(27, 8), (33, 4), (1, 15), (12, 10), (12, 14), (16, 10), (12, 14)]","[(27, 8), (33, 4), (1, 15), (12, 10), (12, 14), (16, 10)]",118,34,0,34
118,"(16, 10)","(15, 10)",East,"[(17, 10), (15, 10)]","[(27, 8), (33, 4), (1, 15), (12, 10), (12, 14), (16, 10)]","[(17, 10), (27, 8), (33, 4), (1, 15), (12, 10), (12, 14)]",119,34,0,34
119,"(12, 10)","(12, 11)",South,"[(12, 11), (11, 10)]","[(17, 10), (27, 8), (33, 4), (1, 15), (12, 10)]","[(11, 10), (17, 10), (27, 8), (33, 4), (1, 15)]",120,34,0,34
120,"(1, 15)","(1, 16)",South,"[(1, 16), (1, 14)]","[(11, 10), (17, 10), (27, 8), (33, 4), (1, 15)]","[(1, 14), (11, 10), (17, 10), (27, 8), (33, 4)]",121,34,0,34
121,"(33, 4)","(32, 4)",East,"[(34, 4), (32, 4)]","[(1, 14), (11, 10), (17, 10), (27, 8), (33, 4)]","[(34, 4), (1, 14), (11, 10), (17, 10), (27, 8)]",122,35,0,35
122,"(27, 8)","(27, 9)",South,"[(27, 9), (27, 7)]","[(34, 4), (1, 14), (11, 10), (17, 10), (27, 8)]","[(27, 7), (34, 4), (1, 14), (11, 10), (17, 10)]",123,35,0,35
123,"(17, 10)","(16, 10)",East,"[(17, 9), (16, 10)]","[(27, 7), (34, 4), (1, 14), (11, 10), (17, 10)]","[(17, 9), (27, 7), (34, 4), (1, 14), (11, 10)]",124,35,0,35
124,"(11, 10)","(12, 10)",West,"[(12, 10), (10, 10)]","[(17, 9), (27, 7), (34, 4), (1, 14), (11, 10)]","[(10, 10), (17, 9), (27, 7), (34, 4), (1, 14)]",125,35,0,35
125,"(1, 14)","(1, 15)",South,"[(1, 15), (1, 13)]","[(10, 10), (17, 9), (27, 7), (34, 4), (1, 14)]","[(1, 13), (10, 10), (17, 9), (27, 7), (34, 4)]",126,35,0,35
126,"(34, 4)","(33, 4)",East,"[(34, 3), (33, 4)]","[(1, 13), (10, 10), (17, 9), (27, 7), (34, 4)]","[(34, 3), (1, 13), (10, 10), (17, 9), (27, 7)]",127,36,0,36
127,"(27, 7)","(27, 8)",South,"[(27, 8), (27, 6)]","[(34, 3), (1, 13), (10, 10), (17, 9), (27, 7)]","[(27, 6), (34, 3), (1, 13), (10, 10), (17, 9)]",128,36,0,36
128,"(17, 9)","(17, 10)",South,"[(17, 10), (17, 8)]","[(27, 6), (34, 3), (1, 13), (10, 10), (17, 9)]","[(17, 8), (27, 6), (34, 3), (1, 13), (10, 10)]",129,36,0,36
129,"(10, 10)","(11, 10)",West,"[(10, 11), (11, 10)]","[(17, 8), (27, 6), (34, 3), (1, 13), (10, 10)]","[(10, 11), (17, 8), (27, 6), (34, 3), (1, 13)]",130,36,0,36
130,"(1, 13)","(1, 14)",South,"[(1, 14), (1, 12)]","[(10, 11), (17, 8), (27, 6), (34, 3), (1, 13)]","[(1, 12), (10, 11), (17, 8), (27, 6), (34, 3)]",131,36,0,36
131,"(34, 3)","(34, 4)",South,"[(34, 4), (34, 2)]","[(1, 12), (10, 11), (17, 8), (27, 6), (34, 3)]","[(34, 2), (1, 12), (10, 11), (17, 8), (27, 6)]",132,37,0,37
132,"(27, 6)","(27, 7)",South,"[(27, 7), (27, 5)]","[(34, 2), (1, 12), (10, 11), (17, 8), (27, 6)]","[(27, 5), (34, 2), (1, 12), (10, 11), (17, 8)]",133,37,0,37
133,"(17, 8)","(17, 9)",South,"[(17, 9), (16, 8)]","[(27, 5), (34, 2), (1, 12), (10, 11), (17, 8)]","[(16, 8), (27, 5), (34, 2), (1, 12), (10, 11)]",134,37,0,37
134,"(10, 11)","(10, 10)",North,"[(10, 12), (10, 10)]","[(16, 8), (27, 5), (34, 2), (1, 12), (10, 11)]","[(10, 12), (16, 8), (27, 5), (34, 2), (1, 12)]",135,37,0,37
135,"(1, 12)","(1, 13)",South,"[(1, 13), (1, 11)]","[(10, 12), (16, 8), (27, 5), (34, 2), (1, 12)]","[(1, 11), (10, 12), (16, 8), (27, 5), (34, 2)]",136,37,0,37
136,"(34, 2)","(34, 3)",South,"[(34, 3), (34, 1)]","[(1, 11), (10, 12), (16, 8), (27, 5), (34, 2)]","[(34, 1), (1, 11), (10, 12), (16, 8), (27, 5)]",137,38,0,38
137,"(27, 5)","(27, 6)",South,"[(27, 6), (27, 4)]","[(34, 1), (1, 11), (10, 12), (16, 8), (27, 5)]","[(27, 4), (34, 1), (1, 11), (10, 12), (16, 8)]",138,38,0,38
138,"(16, 8)","(17, 8)",West,"[(17, 8), (15, 8)]","[(27, 4), (34, 1), (1, 11), (10, 12), (16, 8)]","[(15, 8), (27, 4), (34, 1), (1, 11), (10, 12)]",139,38,0,38
139,"(10, 12)","(10, 11)",North,"[(10, 13), (10, 11)]","[(15, 8), (27, 4), (34, 1), (1, 11), (10, 12)]","[(10, 13), (15, 8), (27, 4), (34, 1), (1, 11)]",140,38,0,38
140,"(1, 11)","(1, 12)",South,"[(1, 12), (1, 10)]","[(10, 13), (15, 8), (27, 4), (34, 1), (1, 11)]","[(1, 10), (10, 13), (15, 8), (27, 4), (34, 1)]",141,38,0,38
141,"(34, 1)","(34, 2)",South,"[(34, 2), (33, 1)]","[(1, 10), (10, 13), (15, 8), (27, 4), (34, 1)]","[(33, 1), (1, 10), (10, 13), (15, 8), (27, 4)]",142,39,0,39
142,"(27, 4)","(27, 5)",South,"[(27, 5), (27, 3)]","[(33, 1), (1, 10), (10, 13), (15, 8), (27, 4)]","[(27, 3), (33, 1), (1, 10), (10, 13), (15, 8)]",143,39,0,39
143,"(15, 8)","(16, 8)",West,"[(16, 8), (14, 8)]","[(27, 3), (33, 1), (1, 10), (10, 13), (15, 8)]","[(14, 8), (27, 3), (33, 1), (1, 10), (10, 13)]",144,39,0,39
144,"(10, 13)","(10, 12)",North,"[(10, 14), (10, 12)]","[(14, 8), (27, 3), (33, 1), (1, 10), (10, 13)]","[(10, 14), (14, 8), (27, 3), (33, 1), (1, 10)]",145,39,0,39
145,"(1, 10)","(1, 11)",South,"[(1, 11), (1, 9)]","[(10, 14), (14, 8), (27, 3), (33, 1), (1, 10)]","[(1, 9), (10, 14), (14, 8), (27, 3), (33, 1)]",146,39,0,39
146,"(33, 1)","(34, 1)",West,"[(34, 1), (32, 1)]","[(1, 9), (10, 14), (14, 8), (27, 3), (33, 1)]","[(32, 1), (1, 9), (10, 14), (14, 8), (27, 3)]",147,40,0,40
147,"(27, 3)","(27, 4)",South,"[(27, 4), (27, 2)]","[(32, 1), (1, 9), (10, 14), (14, 8), (27, 3)]","[(27, 2), (32, 1), (1, 9), (10, 14), (14, 8)]",148,40,0,40
148,"(14, 8)","(15, 8)",West,"[(15, 8), (13, 8)]","[(27, 2), (32, 1), (1, 9), (10, 14), (14, 8)]","[(13, 8), (27, 2), (32, 1), (1, 9), (10, 14)]",149,40,0,40
149,"(10, 14)","(10, 13)",North,"[(10, 13), (9, 14)]","[(13, 8), (27, 2), (32, 1), (1, 9), (10, 14)]","[(9, 14), (13, 8), (27, 2), (32, 1), (1, 9)]",150,40,0,40
150,"(1, 9)","(1, 10)",South,"[(1, 10), (1, 8)]","[(9, 14), (13, 8), (27, 2), (32, 1), (1, 9)]","[(1, 8), (9, 14), (13, 8), (27, 2), (32, 1)]",151,40,0,40
151,"(32, 1)","(33, 1)",West,"[(33, 1), (31, 1)]","[(1, 8), (9, 14), (13, 8), (27, 2), (32, 1)]","[(31, 1), (1, 8), (9, 14), (13, 8), (27, 2)]",152,41,0,41
152,"(27, 2)","(27, 3)",South,"[(27, 3), (27, 1), (26, 2)]","[(31, 1), (1, 8), (9, 14), (13, 8), (27, 2)]","[(26, 2), (27, 1), (31, 1), (1, 8), (9, 14), (13, 8)]",153,41,0,41
153,"(13, 8)","(14, 8)",West,"[(14, 8), (12, 8)]","[(26, 2), (27, 1), (31, 1), (1, 8), (9, 14), (13, 8)]","[(12, 8), (26, 2), (27, 1), (31, 1), (1, 8), (9, 14)]",154,41,0,41
154,"(9, 14)","(10, 14)",West,"[(10, 14), (8, 14)]","[(12, 8), (26, 2), (27, 1), (31, 1), (1, 8), (9, 14)]","[(8, 14), (12, 8), (26, 2), (27, 1), (31, 1), (1, 8)]",155,41,0,41
155,"(1, 8)","(1, 9)",South,"[(1, 9), (1, 7)]","[(8, 14), (12, 8), (26, 2), (27, 1), (31, 1), (1, 8)]","[(1, 7), (8, 14), (12, 8), (26, 2), (27, 1), (31, 1)]",156,41,0,41
156,"(31, 1)","(32, 1)",West,"[(32, 1), (30, 1)]","[(1, 7), (8, 14), (12, 8), (26, 2), (27, 1), (31, 1)]","[(30, 1), (1, 7), (8, 14), (12, 8), (26, 2), (27, 1)]",157,42,0,42
157,"(27, 1)","(27, 2)",South,"[(27, 2), (28, 1)]","[(30, 1), (1, 7), (8, 14), (12, 8), (26, 2), (27, 1)]","[(28, 1), (30, 1), (1, 7), (8, 14), (12, 8), (26, 2)]",158,42,0,42
158,"(26, 2)","(27, 2)",West,"[(27, 2), (25, 2)]","[(28, 1), (30, 1), (1, 7), (8, 14), (12, 8), (26, 2)]","[(25, 2), (28, 1), (30, 1), (1, 7), (8, 14), (12, 8)]",159,42,0,42
159,"(12, 8)","(13, 8)",West,"[(13, 8), (11, 8)]","[(25, 2), (28, 1), (30, 1), (1, 7), (8, 14), (12, 8)]","[(11, 8), (25, 2), (28, 1), (30, 1), (1, 7), (8, 14)]",160,42,0,42
160,"(8, 14)","(9, 14)",West,"[(8, 13), (9, 14)]","[(11, 8), (25, 2), (28, 1), (30, 1), (1, 7), (8, 14)]","[(8, 13), (11, 8), (25, 2), (28, 1), (30, 1), (1, 7)]",161,42,0,42
161,"(1, 7)","(1, 8)",South,"[(1, 8), (2, 7)]","[(8, 13), (11, 8), (25, 2), (28, 1), (30, 1), (1, 7)]","[(2, 7), (8, 13), (11, 8), (25, 2), (28, 1), (30, 1)]",162,42,0,42
162,"(30, 1)","(31, 1)",West,"[(31, 1), (29, 1)]","[(2, 7), (8, 13), (11, 8), (25, 2), (28, 1), (30, 1)]","[(29, 1), (2, 7), (8, 13), (11, 8), (25, 2), (28, 1)]",163,43,0,43
163,"(28, 1)","(27, 1)",East,"[(29, 1), (27, 1)]","[(29, 1), (2, 7), (8, 13), (11, 8), (25, 2), (28, 1)]","[(29, 1), (29, 1), (2, 7), (8, 13), (11, 8), (25, 2)]",164,43,0,43
164,"(25, 2)","(26, 2)",West,"[(26, 2), (24, 2)]","[(29, 1), (29, 1), (2, 7), (8, 13), (11, 8), (25, 2)]","[(24, 2), (29, 1), (29, 1), (2, 7), (8, 13), (11, 8)]",165,43,0,43
165,"(11, 8)","(12, 8)",West,"[(11, 7), (12, 8)]","[(24, 2), (29, 1), (29, 1), (2, 7), (8, 13), (11, 8)]","[(11, 7), (24, 2), (29, 1), (29, 1), (2, 7), (8, 13)]",166,43,0,43
166,"(8, 13)","(8, 14)",South,"[(8, 14), (8, 12)]","[(11, 7), (24, 2), (29, 1), (29, 1), (2, 7), (8, 13)]","[(8, 12), (11, 7), (24, 2), (29, 1), (29, 1), (2, 7)]",167,43,0,43
167,"(2, 7)","(1, 7)",East,"[(3, 7), (1, 7)]","[(8, 12), (11, 7), (24, 2), (29, 1), (29, 1), (2, 7)]","[(3, 7), (8, 12), (11, 7), (24, 2), (29, 1), (29, 1)]",168,43,0,43
168,"(29, 1)","(30, 1)",West,"[(30, 1), (28, 1)]","[(3, 7), (8, 12), (11, 7), (24, 2), (29, 1), (29, 1)]","[(3, 7), (8, 12), (11, 7), (24, 2), (29, 1)]",169,44,0,44
169,"(24, 2)","(25, 2)",West,"[(25, 2), (23, 2)]","[(3, 7), (8, 12), (11, 7), (24, 2)]","[(23, 2), (3, 7), (8, 12), (11, 7)]",170,44,0,44
170,"(11, 7)","(11, 8)",South,"[(11, 8), (11, 6)]","[(23, 2), (3, 7), (8, 12), (11, 7)]","[(11, 6), (23, 2), (3, 7), (8, 12)]",171,44,0,44
171,"(8, 12)","(8, 13)",South,"[(8, 13), (8, 11)]","[(11, 6), (23, 2), (3, 7), (8, 12)]","[(8, 11), (11, 6), (23, 2), (3, 7)]",172,44,0,44
172,"(3, 7)","(2, 7)",East,"[(4, 7), (2, 7)]","[(8, 11), (11, 6), (23, 2), (3, 7)]","[(4, 7), (8, 11), (11, 6), (23, 2)]",173,44,0,44
173,"(23, 2)","(24, 2)",West,"[(24, 2), (22, 2)]","[(4, 7), (8, 11), (11, 6), (23, 2)]","[(22, 2), (4, 7), (8, 11), (11, 6)]",174,45,0,45
174,"(11, 6)","(11, 7)",South,"[(11, 7), (10, 6)]","[(22, 2), (4, 7), (8, 11), (11, 6)]","[(10, 6), (22, 2), (4, 7), (8, 11)]",175,45,0,45
175,"(8, 11)","(8, 12)",South,"[(8, 12), (8, 10)]","[(10, 6), (22, 2), (4, 7), (8, 11)]","[(8, 10), (10, 6), (22, 2), (4, 7)]",176,45,0,45
176,"(4, 7)","(3, 7)",East,"[(4, 8), (3, 7)]","[(8, 10), (10, 6), (22, 2), (4, 7)]","[(4, 8), (8, 10), (10, 6), (22, 2)]",177,45,0,45
177,"(22, 2)","(23, 2)",West,"[(23, 2), (21, 2)]","[(4, 8), (8, 10), (10, 6), (22, 2)]","[(21, 2), (4, 8), (8, 10), (10, 6)]",178,46,0,46
178,"(10, 6)","(11, 6)",West,"[(11, 6), (9, 6)]","[(21, 2), (4, 8), (8, 10), (10, 6)]","[(9, 6), (21, 2), (4, 8), (8, 10)]",179,46,0,46
179,"(8, 10)","(8, 11)",South,"[(8, 11), (8, 9)]","[(9, 6), (21, 2), (4, 8), (8, 10)]","[(8, 9), (9, 6), (21, 2), (4, 8)]",180,46,0,46
180,"(4, 8)","(4, 7)",North,"[(4, 9), (4, 7)]","[(8, 9), (9, 6), (21, 2), (4, 8)]","[(4, 9), (8, 9), (9, 6), (21, 2)]",181,46,0,46
181,"(21, 2)","(22, 2)",West,"[(22, 2), (20, 2)]","[(4, 9), (8, 9), (9, 6), (21, 2)]","[(20, 2), (4, 9), (8, 9), (9, 6)]",182,47,0,47
182,"(9, 6)","(10, 6)",West,"[(10, 6), (8, 6)]","[(20, 2), (4, 9), (8, 9), (9, 6)]","[(8, 6), (20, 2), (4, 9), (8, 9)]",183,47,0,47
183,"(8, 9)","(8, 10)",South,"[(8, 10), (8, 8)]","[(8, 6), (20, 2), (4, 9), (8, 9)]","[(8, 8), (8, 6), (20, 2), (4, 9)]",184,47,0,47
184,"(4, 9)","(4, 8)",North,"[(4, 10), (4, 8)]","[(8, 8), (8, 6), (20, 2), (4, 9)]","[(4, 10), (8, 8), (8, 6), (20, 2)]",185,47,0,47
185,"(20, 2)","(21, 2)",West,"[(21, 2), (19, 2)]","[(4, 10), (8, 8), (8, 6), (20, 2)]","[(19, 2), (4, 10), (8, 8), (8, 6)]",186,48,0,48
186,"(8, 6)","(9, 6)",West,"[(9, 6), (7, 6)]","[(19, 2), (4, 10), (8, 8), (8, 6)]","[(7, 6), (19, 2), (4, 10), (8, 8)]",187,48,0,48
187,"(8, 8)","(8, 9)",South,"[(8, 9), (7, 8)]","[(7, 6), (19, 2), (4, 10), (8, 8)]","[(7, 8), (7, 6), (19, 2), (4, 10)]",188,48,0,48
188,"(4, 10)","(4, 9)",North,"[(4, 11), (4, 9), (3, 10)]","[(7, 8), (7, 6), (19, 2), (4, 10)]","[(3, 10), (4, 11), (7, 8), (7, 6), (19, 2)]",189,48,0,48
189,"(19, 2)","(20, 2)",West,"[(20, 2), (18, 2)]","[(3, 10), (4, 11), (7, 8), (7, 6), (19, 2)]","[(18, 2), (3, 10), (4, 11), (7, 8), (7, 6)]",190,49,0,49
190,"(7, 6)","(8, 6)",West,"[(8, 6), (6, 6)]","[(18, 2), (3, 10), (4, 11), (7, 8), (7, 6)]","[(6, 6), (18, 2), (3, 10), (4, 11), (7, 8)]",191,49,0,49
191,"(7, 8)","(8, 8)",West,"[(8, 8), (6, 8)]","[(6, 6), (18, 2), (3, 10), (4, 11), (7, 8)]","[(6, 8), (6, 6), (18, 2), (3, 10), (4, 11)]",192,49,0,49
192,"(4, 11)","(4, 10)",North,"[(4, 12), (4, 10)]","[(6, 8), (6, 6), (18, 2), (3, 10), (4, 11)]","[(4, 12), (6, 8), (6, 6), (18, 2), (3, 10)]",193,49,0,49
193,"(3, 10)","(4, 10)",West,"[(4, 10)]","[(4, 12), (6, 8), (6, 6), (18, 2), (3, 10)]","[(4, 12), (6, 8), (6, 6), (18, 2)]",194,49,0,49
194,"(18, 2)","(19, 2)",West,"[(19, 2), (17, 2)]","[(4, 12), (6, 8), (6, 6), (18, 2)]","[(17, 2), (4, 12), (6, 8), (6, 6)]",195,50,0,50
195,"(6, 6)","(7, 6)",West,"[(6, 5), (7, 6)]","[(17, 2), (4, 12), (6, 8), (6, 6)]","[(6, 5), (17, 2), (4, 12), (6, 8)]",196,50,0,50
196,"(6, 8)","(7, 8)",West,"[(6, 9), (7, 8)]","[(6, 5), (17, 2), (4, 12), (6, 8)]","[(6, 9), (6, 5), (17, 2), (4, 12)]",197,50,0,50
197,"(4, 12)","(4, 11)",North,"[(4, 13), (4, 11)]","[(6, 9), (6, 5), (17, 2), (4, 12)]","[(4, 13), (6, 9), (6, 5), (17, 2)]",198,50,0,50
198,"(17, 2)","(18, 2)",West,"[(18, 2), (16, 2)]","[(4, 13), (6, 9), (6, 5), (17, 2)]","[(16, 2), (4, 13), (6, 9), (6, 5)]",199,51,0,51
199,"(6, 5)","(6, 6)",South,"[(6, 6), (5, 5)]","[(16, 2), (4, 13), (6, 9), (6, 5)]","[(5, 5), (16, 2), (4, 13), (6, 9)]",200,51,0,51
200,"(6, 9)","(6, 8)",North,"[(6, 10), (6, 8)]","[(5, 5), (16, 2), (4, 13), (6, 9)]","[(6, 10), (5, 5), (16, 2), (4, 13)]",201,51,0,51
201,"(4, 13)","(4, 12)",North,"[(4, 14), (4, 12)]","[(6, 10), (5, 5), (16, 2), (4, 13)]","[(4, 14), (6, 10), (5, 5), (16, 2)]",202,51,0,51
202,"(16, 2)","(17, 2)",West,"[(17, 2), (15, 2)]","[(4, 14), (6, 10), (5, 5), (16, 2)]","[(15, 2), (4, 14), (6, 10), (5, 5)]",203,52,0,52
203,"(5, 5)","(6, 5)",West,"[(6, 5), (4, 5)]","[(15, 2), (4, 14), (6, 10), (5, 5)]","[(4, 5), (15, 2), (4, 14), (6, 10)]",204,52,0,52
204,"(6, 10)","(6, 9)",North,"[(6, 11), (6, 9)]","[(4, 5), (15, 2), (4, 14), (6, 10)]","[(6, 11), (4, 5), (15, 2), (4, 14)]",205,52,0,52
205,"(4, 14)","(4, 13)",North,"[(4, 13), (5, 14)]","[(6, 11), (4, 5), (15, 2), (4, 14)]","[(5, 14), (6, 11), (4, 5), (15, 2)]",206,52,0,52
206,"(15, 2)","(16, 2)",West,"[(15, 3), (16, 2), (14, 2)]","[(5, 14), (6, 11), (4, 5), (15, 2)]","[(14, 2), (15, 3), (5, 14), (6, 11), (4, 5)]",207,53,0,53
207,"(4, 5)","(5, 5)",West,"[(5, 5), (3, 5)]","[(14, 2), (15, 3), (5, 14), (6, 11), (4, 5)]","[(3, 5), (14, 2), (15, 3), (5, 14), (6, 11)]",208,53,0,53
208,"(6, 11)","(6, 10)",North,"[(6, 12), (6, 10)]","[(3, 5), (14, 2), (15, 3), (5, 14), (6, 11)]","[(6, 12), (3, 5), (14, 2), (15, 3), (5, 14)]",209,53,0,53
209,"(5, 14)","(4, 14)",East,"[(6, 14), (4, 14)]","[(6, 12), (3, 5), (14, 2), (15, 3), (5, 14)]","[(6, 14), (6, 12), (3, 5), (14, 2), (15, 3)]",210,53,0,53
210,"(15, 3)","(15, 2)",North,"[(15, 4), (15, 2)]","[(6, 14), (6, 12), (3, 5), (14, 2), (15, 3)]","[(15, 4), (6, 14), (6, 12), (3, 5), (14, 2)]",211,54,0,54
211,"(14, 2)","(15, 2)",West,"[(15, 2), (13, 2)]","[(15, 4), (6, 14), (6, 12), (3, 5), (14, 2)]","[(13, 2), (15, 4), (6, 14), (6, 12), (3, 5)]",212,54,0,54
212,"(3, 5)","(4, 5)",West,"[(4, 5), (2, 5)]","[(13, 2), (15, 4), (6, 14), (6, 12), (3, 5)]","[(2, 5), (13, 2), (15, 4), (6, 14), (6, 12)]",213,54,0,54
213,"(6, 12)","(6, 11)",North,"[(6, 13), (6, 11)]","[(2, 5), (13, 2), (15, 4), (6, 14), (6, 12)]","[(6, 13), (2, 5), (13, 2), (15, 4), (6, 14)]",214,54,0,54
214,"(6, 14)","(5, 14)",East,"[(6, 13), (5, 14)]","[(6, 13), (2, 5), (13, 2), (15, 4), (6, 14)]","[(6, 13), (6, 13), (2, 5), (13, 2), (15, 4)]",215,54,0,54
215,"(15, 4)","(15, 3)",North,"[(15, 3), (16, 4)]","[(6, 13), (6, 13), (2, 5), (13, 2), (15, 4)]","[(16, 4), (6, 13), (6, 13), (2, 5), (13, 2)]",216,55,0,55
216,"(13, 2)","(14, 2)",West,"[(14, 2), (12, 2)]","[(16, 4), (6, 13), (6, 13), (2, 5), (13, 2)]","[(12, 2), (16, 4), (6, 13), (6, 13), (2, 5)]",217,55,0,55
217,"(2, 5)","(3, 5)",West,"[(3, 5), (1, 5)]","[(12, 2), (16, 4), (6, 13), (6, 13), (2, 5)]","[(1, 5), (12, 2), (16, 4), (6, 13), (6, 13)]",218,55,0,55
218,"(6, 13)","(6, 12)",North,"[(6, 14), (6, 12)]","[(1, 5), (12, 2), (16, 4), (6, 13), (6, 13)]","[(1, 5), (12, 2), (16, 4), (6, 13)]",219,55,0,55
219,"(16, 4)","(15, 4)",East,"[(17, 4), (15, 4)]","[(1, 5), (12, 2), (16, 4)]","[(17, 4), (1, 5), (12, 2)]",220,56,0,56
220,"(12, 2)","(13, 2)",West,"[(13, 2), (11, 2)]","[(17, 4), (1, 5), (12, 2)]","[(11, 2), (17, 4), (1, 5)]",221,56,0,56
221,"(1, 5)","(2, 5)",West,"[(1, 4), (2, 5)]","[(11, 2), (17, 4), (1, 5)]","[(1, 4), (11, 2), (17, 4)]",222,56,0,56
222,"(17, 4)","(16, 4)",East,"[(18, 4), (16, 4)]","[(1, 4), (11, 2), (17, 4)]","[(18, 4), (1, 4), (11, 2)]",223,57,0,57
223,"(11, 2)","(12, 2)",West,"[(12, 2), (10, 2)]","[(18, 4), (1, 4), (11, 2)]","[(10, 2), (18, 4), (1, 4)]",224,57,0,57
224,"(1, 4)","(1, 5)",South,"[(1, 5), (1, 3)]","[(10, 2), (18, 4), (1, 4)]","[(1, 3), (10, 2), (18, 4)]",225,57,0,57
225,"(18, 4)","(17, 4)",East,"[(19, 4), (17, 4)]","[(1, 3), (10, 2), (18, 4)]","[(19, 4), (1, 3), (10, 2)]",226,58,0,58
226,"(10, 2)","(11, 2)",West,"[(10, 1), (11, 2)]","[(19, 4), (1, 3), (10, 2)]","[(10, 1), (19, 4), (1, 3)]",227,58,0,58
227,"(1, 3)","(1, 4)",South,"[(1, 4), (2, 3)]","[(10, 1), (19, 4), (1, 3)]","[(2, 3), (10, 1), (19, 4)]",228,58,0,58
228,"(19, 4)","(18, 4)",East,"[(19, 5), (20, 4), (18, 4)]","[(2, 3), (10, 1), (19, 4)]","[(20, 4), (19, 5), (2, 3), (10, 1)]",229,59,0,59
229,"(10, 1)","(10, 2)",South,"[(10, 2), (9, 1)]","[(20, 4), (19, 5), (2, 3), (10, 1)]","[(9, 1), (20, 4), (19, 5), (2, 3)]",230,59,0,59
230,"(2, 3)","(1, 3)",East,"[(3, 3), (1, 3)]","[(9, 1), (20, 4), (19, 5), (2, 3)]","[(3, 3), (9, 1), (20, 4), (19, 5)]",231,59,0,59
231,"(19, 5)","(19, 4)",North,"[(19, 6), (19, 4)]","[(3, 3), (9, 1), (20, 4), (19, 5)]","[(19, 6), (3, 3), (9, 1), (20, 4)]",232,60,0,60
232,"(20, 4)","(19, 4)",East,"[(21, 4), (19, 4)]","[(19, 6), (3, 3), (9, 1), (20, 4)]","[(21, 4), (19, 6), (3, 3), (9, 1)]",233,60,0,60
233,"(9, 1)","(10, 1)",West,"[(10, 1), (8, 1)]","[(21, 4), (19, 6), (3, 3), (9, 1)]","[(8, 1), (21, 4), (19, 6), (3, 3)]",234,60,0,60
234,"(3, 3)","(2, 3)",East,"[(4, 3), (2, 3)]","[(8, 1), (21, 4), (19, 6), (3, 3)]","[(4, 3), (8, 1), (21, 4), (19, 6)]",235,60,0,60
235,"(19, 6)","(19, 5)",North,"[(19, 7), (19, 5), (18, 6)]","[(4, 3), (8, 1), (21, 4), (19, 6)]","[(18, 6), (19, 7), (4, 3), (8, 1), (21, 4)]",236,61,0,61
236,"(21, 4)","(20, 4)",East,"[(21, 5), (20, 4)]","[(18, 6), (19, 7), (4, 3), (8, 1), (21, 4)]","[(21, 5), (18, 6), (19, 7), (4, 3), (8, 1)]",237,61,0,61
237,"(8, 1)","(9, 1)",West,"[(9, 1), (7, 1)]","[(21, 5), (18, 6), (19, 7), (4, 3), (8, 1)]","[(7, 1), (21, 5), (18, 6), (19, 7), (4, 3)]",238,61,0,61
238,"(4, 3)","(3, 3)",East,"[(5, 3), (3, 3)]","[(7, 1), (21, 5), (18, 6), (19, 7), (4, 3)]","[(5, 3), (7, 1), (21, 5), (18, 6), (19, 7)]",239,61,0,61
239,"(19, 7)","(19, 6)",North,"[(19, 6), (20, 7)]","[(5, 3), (7, 1), (21, 5), (18, 6), (19, 7)]","[(20, 7), (5, 3), (7, 1), (21, 5), (18, 6)]",240,62,0,62
240,"(18, 6)","(19, 6)",West,"[(19, 6), (17, 6)]","[(20, 7), (5, 3), (7, 1), (21, 5), (18, 6)]","[(17, 6), (20, 7), (5, 3), (7, 1), (21, 5)]",241,62,0,62
241,"(21, 5)","(21, 4)",North,"[(21, 4), (22, 5)]","[(17, 6), (20, 7), (5, 3), (7, 1), (21, 5)]","[(22, 5), (17, 6), (20, 7), (5, 3), (7, 1)]",242,62,0,62
242,"(7, 1)","(8, 1)",West,"[(8, 1), (6, 1)]","[(22, 5), (17, 6), (20, 7), (5, 3), (7, 1)]","[(6, 1), (22, 5), (17, 6), (20, 7), (5, 3)]",243,62,0,62
243,"(5, 3)","(4, 3)",East,"[(6, 3), (4, 3)]","[(6, 1), (22, 5), (17, 6), (20, 7), (5, 3)]","[(6, 3), (6, 1), (22, 5), (17, 6), (20, 7)]",244,62,0,62
244,"(20, 7)","(19, 7)",East,"[(21, 7), (19, 7)]","[(6, 3), (6, 1), (22, 5), (17, 6), (20, 7)]","[(21, 7), (6, 3), (6, 1), (22, 5), (17, 6)]",245,63,0,63
245,"(17, 6)","(18, 6)",West,"[(18, 6), (16, 6)]","[(21, 7), (6, 3), (6, 1), (22, 5), (17, 6)]","[(16, 6), (21, 7), (6, 3), (6, 1), (22, 5)]",246,63,0,63
246,"(22, 5)","(21, 5)",East,"[(23, 5), (21, 5)]","[(16, 6), (21, 7), (6, 3), (6, 1), (22, 5)]","[(23, 5), (16, 6), (21, 7), (6, 3), (6, 1)]",247,63,0,63
247,"(6, 1)","(7, 1)",West,"[(7, 1), (5, 1)]","[(23, 5), (16, 6), (21, 7), (6, 3), (6, 1)]","[(5, 1), (23, 5), (16, 6), (21, 7), (6, 3)]",248,63,0,63
248,"(6, 3)","(5, 3)",East,"[(7, 3), (5, 3)]","[(5, 1), (23, 5), (16, 6), (21, 7), (6, 3)]","[(7, 3), (5, 1), (23, 5), (16, 6), (21, 7)]",249,63,0,63
249,"(21, 7)","(20, 7)",East,"[(22, 7), (20, 7)]","[(7, 3), (5, 1), (23, 5), (16, 6), (21, 7)]","[(22, 7), (7, 3), (5, 1), (23, 5), (16, 6)]",250,64,0,64
250,"(16, 6)","(17, 6)",West,"[(17, 6), (15, 6)]","[(22, 7), (7, 3), (5, 1), (23, 5), (16, 6)]","[(15, 6), (22, 7), (7, 3), (5, 1), (23, 5)]",251,64,0,64
251,"(23, 5)","(22, 5)",East,"[(24, 5), (22, 5)]","[(15, 6), (22, 7), (7, 3), (5, 1), (23, 5)]","[(24, 5), (15, 6), (22, 7), (7, 3), (5, 1)]",252,64,0,64
252,"(5, 1)","(6, 1)",West,"[(6, 1), (4, 1)]","[(24, 5), (15, 6), (22, 7), (7, 3), (5, 1)]","[(4, 1), (24, 5), (15, 6), (22, 7), (7, 3)]",253,64,0,64
253,"(7, 3)","(6, 3)",East,"[(8, 3), (6, 3)]","[(4, 1), (24, 5), (15, 6), (22, 7), (7, 3)]","[(8, 3), (4, 1), (24, 5), (15, 6), (22, 7)]",254,64,0,64
254,"(22, 7)","(21, 7)",East,"[(23, 7), (21, 7)]","[(8, 3), (4, 1), (24, 5), (15, 6), (22, 7)]","[(23, 7), (8, 3), (4, 1), (24, 5), (15, 6)]",255,65,0,65
255,"(15, 6)","(16, 6)",West,"[(16, 6), (14, 6)]","[(23, 7), (8, 3), (4, 1), (24, 5), (15, 6)]","[(14, 6), (23, 7), (8, 3), (4, 1), (24, 5)]",256,65,0,65
256,"(24, 5)","(23, 5)",East,"[(24, 6), (23, 5)]","[(14, 6), (23, 7), (8, 3), (4, 1), (24, 5)]","[(24, 6), (14, 6), (23, 7), (8, 3), (4, 1)]",257,65,0,65
257,"(4, 1)","(5, 1)",West,"[(5, 1), (3, 1)]","[(24, 6), (14, 6), (23, 7), (8, 3), (4, 1)]","[(3, 1), (24, 6), (14, 6), (23, 7), (8, 3)]",258,65,0,65
258,"(8, 3)","(7, 3)",East,"[(8, 4), (7, 3)]","[(3, 1), (24, 6), (14, 6), (23, 7), (8, 3)]","[(8, 4), (3, 1), (24, 6), (14, 6), (23, 7)]",259,65,0,65
259,"(23, 7)","(22, 7)",East,"[(24, 7), (22, 7)]","[(8, 4), (3, 1), (24, 6), (14, 6), (23, 7)]","[(24, 7), (8, 4), (3, 1), (24, 6), (14, 6)]",260,66,0,66
260,"(14, 6)","(15, 6)",West,"[(15, 6), (13, 6)]","[(24, 7), (8, 4), (3, 1), (24, 6), (14, 6)]","[(13, 6), (24, 7), (8, 4), (3, 1), (24, 6)]",261,66,0,66
261,"(24, 6)","(24, 5)",North,"[(24, 7), (24, 5)]","[(13, 6), (24, 7), (8, 4), (3, 1), (24, 6)]","[(24, 7), (13, 6), (24, 7), (8, 4), (3, 1)]",262,66,0,66
262,"(3, 1)","(4, 1)",West,"[(4, 1), (2, 1)]","[(24, 7), (13, 6), (24, 7), (8, 4), (3, 1)]","[(2, 1), (24, 7), (13, 6), (24, 7), (8, 4)]",263,66,0,66
263,"(8, 4)","(8, 3)",North,"[(8, 3), (9, 4)]","[(2, 1), (24, 7), (13, 6), (24, 7), (8, 4)]","[(9, 4), (2, 1), (24, 7), (13, 6), (24, 7)]",264,66,0,66
264,"(24, 7)","(23, 7)",East,"[(24, 6), (23, 7)]","[(9, 4), (2, 1), (24, 7), (13, 6), (24, 7)]","[(9, 4), (2, 1), (24, 7), (13, 6)]",265,67,0,67
265,"(13, 6)","(14, 6)",West,"[(13, 5), (14, 6)]","[(9, 4), (2, 1), (24, 7), (13, 6)]","[(13, 5), (9, 4), (2, 1), (24, 7)]",266,67,0,67
266,"(2, 1)","(3, 1)",West,"[(3, 1), (1, 1)]","[(13, 5), (9, 4), (2, 1)]","[(1, 1), (13, 5), (9, 4)]",267,67,0,67
267,"(9, 4)","(8, 4)",East,"[(10, 4), (8, 4)]","[(1, 1), (13, 5), (9, 4)]","[(10, 4), (1, 1), (13, 5)]",268,67,0,67
268,"(13, 5)","(13, 6)",South,"[(13, 6), (13, 4)]","[(10, 4), (1, 1), (13, 5)]","[(13, 4), (10, 4), (1, 1)]",269,68,0,68
269,"(1, 1)","(2, 1)",West,[],"[(13, 4), (10, 4), (1, 1)]","[(13, 4), (10, 4)]",269,68,0,68
